time,open,high,low,Close,tick_volume,spread,real_volume
1609714800,12897.53,12897.53,12862.52,12874.14,877,428,0
1609718400,12874.64,12876.11,12835.25,12844.38,2084,396,0
1609722000,12844.39,12862.5,12844.39,12861.3,1955,379,0
1609725600,12861.88,12876.68,12861.8,12870.17,1481,379,0
1609729200,12870.38,12884.54,12867.02,12881.78,1079,379,0
1609732800,12882.08,12888.38,12881.79,12885.24,881,380,0
1609736400,12885.28,12886.02,12869.29,12879.33,1159,381,0
1609740000,12879.33,12905.86,12879.33,12901.64,1232,386,0
1609743600,12902.16,12943.22,12902.16,12943.22,1701,388,0
1609747200,12944.48,12963.03,12934.1,12943.34,2030,388,0
1609750800,12942.53,12970.18,12941.78,12959.31,1618,390,0
1609754400,12959.35,12963.38,12943.43,12950.49,1319,384,0
1609758000,12950.5,12959.98,12948.14,12951.55,1142,391,0
1609761600,12951.26,12963.56,12945.38,12963.17,1047,386,0
1609765200,12962.79,12964.12,12949.28,12952.71,1437,398,0
1609768800,12952.6,12954.47,12869.11,12889.95,3298,387,0
1609772400,12890.79,12900.85,12772.06,12772.06,4487,415,0
1609776000,12772.88,12792.4,12646.47,12646.93,5168,437,0
1609779600,12645.77,12660.49,12533.09,12607.4,5127,424,0
1609783200,12605.79,12687.27,12595.64,12684.46,3532,398,0
1609786800,12683.98,12686.75,12617.89,12674.74,3873,398,0
1609790400,12674.46,12717.95,12641.59,12697.66,4231,420,0
1609801200,12680.08,12692.13,12676.5,12684.94,791,416,0
1609804800,12685.08,12707.34,12681.3,12703.91,1717,384,0
1609808400,12704.12,12732.07,12703.35,12723.4,1753,379,0
1609812000,12724.1,12734.15,12719.74,12729.33,1381,378,0
1609815600,12729.3,12737.4,12688.02,12697.92,1496,375,0
1609819200,12698.19,12702.49,12672.93,12686.54,1683,400,0
1609822800,12687.23,12704.64,12684.13,12702.37,1815,389,0
1609826400,12701.7,12720.83,12701.67,12718.12,1896,398,0
1609830000,12718.02,12719.93,12651.03,12659.59,2311,398,0
1609833600,12661.5,12725.28,12657.78,12704.44,2700,400,0
1609837200,12704.4,12726.44,12697.23,12712.75,1959,389,0
1609840800,12713.54,12724.56,12708.88,12714.26,1552,390,0
1609844400,12714.58,12734.91,12687.99,12699.85,1792,391,0
1609848000,12701.2,12704.39,12663.26,12691.71,2381,384,0
1609851600,12691.54,12693.79,12623.29,12623.29,2602,404,0
1609855200,12623.6,12778.18,12621.74,12760.07,3729,401,0
1609858800,12764.86,12791.3,12722.91,12724.78,4315,422,0
1609862400,12726.12,12755.29,12698.57,12739.24,3602,401,0
1609866000,12740.05,12750.11,12711.21,12736.76,3321,397,0
1609869600,12737.05,12766.94,12732.05,12762.22,2534,387,0
1609873200,12763.08,12811.69,12761.42,12783.52,2763,392,0
1609876800,12784.2,12809.08,12763.89,12800.84,3222,402,0
1609887600,12798.54,12806.3,12792.69,12805.26,632,402,0
1609891200,12805.3,12853.61,12774.31,12788.07,2551,413,0
1609894800,12789.31,12801.89,12676.3,12727.41,3795,446,0
1609898400,12728.42,12745.86,12636.77,12654.75,3260,433,0
1609902000,12653.42,12668.04,12613.4,12631.78,3080,424,0
1609905600,12632.74,12657.37,12587.76,12621.58,3140,422,0
1609909200,12622.32,12648.27,12611.09,12621.05,2364,407,0
1609912800,12621.89,12675.94,12616.66,12641.14,2409,417,0
1609916400,12641.21,12673.74,12571.92,12582.09,2970,432,0
1609920000,12580.87,12605.45,12500.85,12527.69,3668,427,0
1609923600,12526.56,12601.08,12526.56,12590.74,2774,417,0
1609927200,12591.01,12592.9,12532.12,12549.21,2951,413,0
1609930800,12549.08,12587.49,12511.71,12582.53,2714,420,0
1609934400,12583.67,12640.38,12583.67,12598.68,2845,423,0
1609938000,12597.99,12651.94,12565.48,12580.83,2760,425,0
1609941600,12580.28,12676.74,12562.91,12644.63,4784,430,0
1609945200,12645.63,12776.77,12623.94,12743.27,4272,419,0
1609948800,12744.57,12794.9,12735.49,12762.26,3626,415,0
1609952400,12763.41,12805.53,12760.96,12776.87,3220,410,0
1609956000,12778.45,12803.67,12755.54,12780.82,3099,392,0
1609959600,12780.99,12794.05,12648.29,12694.07,4963,419,0
1609963200,12692.68,12711.09,12607.15,12630.25,5354,444,0
1609974000,12675.07,12689.16,12666.55,12684.28,783,420,0
1609977600,12684.31,12710.55,12668.3,12709.81,1878,403,0
1609981200,12709.92,12748.79,12708.16,12748.64,2020,400,0
1609984800,12747.55,12752.13,12724.36,12735.27,2008,411,0
1609988400,12735.74,12746.5,12718.29,12727.05,1541,405,0
1609992000,12727.48,12734.97,12708.49,12711.06,1372,398,0
1609995600,12711.2,12724.56,12704.16,12720.8,1817,396,0
1609999200,12721.74,12753.49,12720.06,12752.24,1542,403,0
1610002800,12753.65,12772.87,12710.8,12720.96,2339,421,0
1610006400,12720.12,12727.33,12672.08,12699.24,2825,400,0
1610010000,12699.46,12727.9,12684.86,12698.25,2618,411,0
1610013600,12697.73,12721.26,12681.85,12683.92,2332,409,0
1610017200,12683.46,12709.84,12674.29,12697.82,2152,394,0
1610020800,12698.58,12735.84,12696.23,12725.76,2186,402,0
1610024400,12726.01,12738.69,12716.28,12721.38,1987,410,0
1610028000,12721.39,12849.43,12721.37,12849.12,3346,391,0
1610031600,12851.5,12916.57,12844.19,12912.8,3771,404,0
1610035200,12914.34,12932.19,12888.36,12903.53,3122,396,0
1610038800,12904.76,12912.79,12880.76,12905.61,2789,389,0
1610042400,12906.21,12929.47,12881.43,12924.96,2715,388,0
1610046000,12925.76,12933.87,12915.26,12929.55,2672,393,0
1610049600,12930.34,12968.03,12926.4,12936.34,2970,393,0
1610060400,12933.38,12955.37,12931.65,12950.31,821,412,0
1610064000,12951.48,12968.21,12943.63,12964.09,1642,394,0
1610067600,12964.72,12984.8,12951.67,12976.01,1831,393,0
1610071200,12976.13,12988.99,12964.48,12970.07,1661,390,0
1610074800,12970.07,12979.32,12960.73,12978.12,1370,388,0
1610078400,12977.78,12978.97,12958.24,12969.15,1481,390,0
1610082000,12968.94,12982.07,12967.7,12978.76,1609,398,0
1610085600,12979.37,12985.74,12974.85,12982.74,1528,393,0
1610089200,12982.62,12997.57,12975.78,12992.82,1662,412,0
1610092800,12992.15,13003.47,12978.41,12983.61,2092,412,0
1610096400,12983.57,12991.36,12959.87,12990.17,2068,394,0
1610100000,12990.47,12997.08,12980.89,12987.5,1437,398,0
1610103600,12986.8,13002.37,12980.36,12988.77,1465,399,0
1610107200,12988.76,13015.69,12988.05,13003.68,1457,401,0
1610110800,13003.77,13025.2,12992.19,13008.0,1967,407,0
1610114400,13008.61,13062.42,12997.58,13030.08,3654,402,0
1610118000,13032.07,13065.7,12966.49,13042.99,4419,427,0
1610121600,13043.69,13069.48,13011.71,13044.49,3744,423,0
1610125200,13044.76,13077.2,13021.35,13045.29,3202,403,0
1610128800,13044.53,13052.51,12939.93,12998.83,4160,411,0
1610132400,12998.05,13058.59,12996.95,13054.27,3655,414,0
1610136000,13054.58,13114.6,13048.62,13102.75,3375,403,0
1610319600,13092.45,13098.22,13082.56,13093.93,867,421,0
1610323200,13094.06,13106.88,13064.25,13079.91,1776,411,0
1610326800,13078.73,13095.32,13057.45,13061.0,2191,412,0
1610330400,13061.75,13073.58,13034.06,13062.95,2175,408,0
1610334000,13063.76,13066.02,13037.81,13050.47,1927,415,0
1610337600,13050.81,13058.82,13034.87,13040.02,1619,407,0
1610341200,13040.06,13060.3,13037.38,13049.94,1761,414,0
1610344800,13050.12,13052.06,13036.69,13042.77,1545,417,0
1610348400,13043.73,13078.43,13040.79,13059.88,1782,419,0
1610352000,13059.38,13084.94,13046.35,13059.79,2328,411,0
1610355600,13059.79,13066.56,13045.08,13047.14,2036,407,0
1610359200,13046.87,13064.88,13034.65,13064.63,1783,414,0
1610362800,13064.07,13068.54,13049.75,13057.64,1562,420,0
1610366400,13056.56,13059.3,13015.67,13042.69,2015,416,0
1610370000,13042.13,13042.13,12981.93,12991.81,2477,418,0
1610373600,12992.53,12996.12,12902.96,12969.26,4702,413,0
1610377200,12968.26,13013.22,12952.69,12985.9,4173,424,0
1610380800,12986.44,12998.66,12942.42,12994.23,3525,416,0
1610384400,12994.17,13023.61,12988.31,13006.23,2910,403,0
1610388000,13005.9,13019.99,12954.82,12971.46,2916,394,0
1610391600,12971.69,12971.69,12919.1,12952.53,3404,412,0
1610395200,12953.3,12953.3,12884.29,12908.45,3973,422,0
1610406000,12933.37,12940.44,12928.08,12934.72,714,410,0
1610409600,12934.96,12956.01,12924.72,12950.07,1804,402,0
1610413200,12951.31,12955.17,12910.44,12934.26,2146,401,0
1610416800,12935.12,12941.09,12920.47,12940.65,1689,403,0
1610420400,12941.47,12948.01,12916.47,12926.01,1361,405,0
1610424000,12926.05,12926.52,12898.47,12912.69,1531,407,0
1610427600,12912.46,12931.58,12907.55,12928.02,1363,396,0
1610431200,12927.13,12944.49,12923.68,12932.98,1163,391,0
1610434800,12933.14,12953.51,12921.89,12948.84,1522,406,0
1610438400,12948.08,12959.94,12931.22,12941.54,1896,402,0
1610442000,12941.91,12970.31,12940.95,12962.9,1778,397,0
1610445600,12962.9,12967.06,12947.5,12957.7,1334,397,0
1610449200,12957.37,12962.29,12944.99,12949.97,1394,402,0
1610452800,12950.51,12960.57,12946.51,12954.46,1491,397,0
1610456400,12954.56,12956.27,12877.77,12894.44,2042,400,0
1610460000,12893.46,12958.59,12856.53,12901.55,3837,406,0
1610463600,12902.56,12928.83,12878.48,12897.41,4122,422,0
1610467200,12896.64,12938.17,12864.67,12880.47,3545,409,0
1610470800,12880.21,12884.66,12780.03,12858.36,3856,395,0
1610474400,12858.13,12909.19,12851.48,12895.7,3022,401,0
1610478000,12896.61,12921.7,12866.91,12889.67,3191,409,0
1610481600,12889.76,12921.63,12876.32,12895.81,2411,414,0
1610492400,12903.3,12912.96,12898.96,12910.19,478,408,0
1610496000,12911.28,12914.81,12900.54,12904.08,1168,394,0
1610499600,12903.83,12933.12,12900.24,12930.03,1491,397,0
1610503200,12930.06,12936.31,12925.46,12929.0,1304,395,0
1610506800,12929.14,12946.97,12928.28,12946.21,1068,394,0
1610510400,12946.35,12946.73,12933.43,12936.49,1024,393,0
1610514000,12936.62,12940.25,12924.81,12928.11,1026,388,0
1610517600,12928.29,12937.05,12925.17,12937.03,1083,385,0
1610521200,12937.09,12939.57,12927.13,12938.95,1067,402,0
1610524800,12938.76,12943.79,12918.81,12927.79,1777,389,0
1610528400,12926.97,12940.21,12926.5,12933.29,1190,388,0
1610532000,12933.62,12940.93,12885.79,12905.26,1657,394,0
1610535600,12905.05,12908.99,12867.84,12887.54,1973,396,0
1610539200,12886.79,12899.77,12844.69,12854.37,2544,409,0
1610542800,12854.5,12881.22,12831.97,12879.46,2338,402,0
1610546400,12880.31,12956.24,12873.39,12925.65,3573,397,0
1610550000,12926.43,12984.5,12883.73,12983.9,3955,410,0
1610553600,12984.37,13004.11,12958.58,12980.4,3240,395,0
1610557200,12981.22,12988.05,12949.2,12983.99,3059,394,0
1610560800,12983.69,12998.83,12975.96,12988.98,2574,390,0
1610564400,12989.28,13014.04,12975.89,13000.39,2858,392,0
1610568000,13001.75,13006.44,12969.52,12979.27,3014,399,0
1610578800,12988.24,12993.4,12979.94,12982.14,527,428,0
1610582400,12982.44,13012.7,12978.91,13008.07,1459,391,0
1610586000,13007.74,13024.04,13005.87,13020.87,1372,394,0
1610589600,13021.26,13025.72,12992.01,12996.09,1532,401,0
1610593200,12995.94,13001.08,12945.77,12968.01,1747,410,0
1610596800,12968.21,12969.52,12954.31,12967.36,1040,402,0
1610600400,12967.27,12983.96,12948.93,12975.86,1975,397,0
1610604000,12976.48,12981.66,12959.55,12968.46,1364,396,0
1610607600,12968.49,12975.09,12946.51,12971.27,1460,418,0
1610611200,12969.02,12992.37,12963.47,12984.2,1722,389,0
1610614800,12984.07,12992.65,12963.77,12964.4,1460,397,0
1610618400,12964.27,12966.13,12934.25,12953.83,1784,405,0
1610622000,12953.94,12973.35,12936.25,12973.28,1761,406,0
1610625600,12974.18,12989.8,12967.45,12984.66,1675,408,0
1610629200,12984.53,12999.81,12974.73,12992.75,1704,395,0
1610632800,12993.09,13025.27,12979.89,13004.28,3253,408,0
1610636400,13003.75,13039.13,12992.94,13024.48,3469,402,0
1610640000,13025.4,13033.61,12980.31,12989.63,3034,398,0
1610643600,12988.86,12996.09,12945.56,12992.6,3052,391,0
1610647200,12992.19,12993.67,12955.42,12956.26,2890,398,0
1610650800,12956.64,12973.97,12946.95,12959.18,2778,390,0
1610654400,12959.2,12964.6,12891.08,12906.79,3523,391,0
1610665200,12929.72,12937.38,12923.64,12927.9,581,410,0
1610668800,12927.86,12932.68,12897.76,12909.03,2101,406,0
1610672400,12909.27,12920.63,12879.21,12897.14,2100,401,0
1610676000,12896.88,12920.71,12893.14,12920.36,1457,403,0
1610679600,12920.7,12925.77,12892.54,12896.49,1565,399,0
1610683200,12896.51,12899.46,12884.42,12889.8,1585,404,0
1610686800,12890.19,12890.19,12841.55,12845.19,2213,417,0
1610690400,12844.47,12878.3,12841.92,12874.74,1915,415,0
1610694000,12873.82,12899.44,12868.79,12890.5,1789,411,0
1610697600,12890.3,12907.78,12885.62,12903.06,2054,391,0
1610701200,12903.19,12911.48,12887.64,12889.57,1668,394,0
1610704800,12889.18,12907.45,12876.13,12882.39,1733,388,0
1610708400,12882.55,12886.83,12863.17,12877.86,2004,409,0
1610712000,12877.94,12910.11,12874.7,12906.26,2130,398,0
1610715600,12906.19,12921.03,12903.61,12905.0,2000,401,0
1610719200,12904.74,12940.64,12882.79,12911.66,3748,411,0
1610722800,12912.79,12919.68,12764.52,12815.78,4979,433,0
1610726400,12816.69,12884.47,12755.23,12849.55,3969,411,0
1610730000,12849.29,12870.58,12834.65,12861.16,3450,406,0
1610733600,12860.93,12898.06,12841.47,12880.67,3075,401,0
1610737200,12881.85,12892.87,12837.86,12839.75,3164,401,0
1610740800,12840.31,12862.51,12803.32,12809.4,3747,408,0
1610924400,12804.56,12805.2,12744.98,12757.23,1129,405,0
1610928000,12756.39,12786.79,12738.55,12785.85,2382,412,0
1610931600,12785.74,12790.31,12757.04,12772.03,2287,414,0
1610935200,12771.87,12781.35,12767.44,12777.65,1823,398,0
1610938800,12776.86,12780.36,12764.46,12776.52,1320,385,0
1610942400,12776.51,12779.71,12768.18,12777.89,950,383,0
1610946000,12777.52,12801.3,12768.96,12795.62,1509,388,0
1610949600,12795.08,12796.89,12780.99,12783.4,1103,386,0
1610953200,12783.19,12790.54,12773.86,12785.29,1398,396,0
1610956800,12784.63,12800.83,12781.02,12795.48,2061,393,0
1610960400,12795.71,12798.01,12786.65,12796.75,1357,384,0
1610964000,12796.94,12801.62,12793.66,12796.86,1065,388,0
1610967600,12797.35,12827.2,12792.18,12810.16,1491,381,0
1610971200,12810.57,12819.29,12805.94,12808.33,1173,385,0
1610974800,12808.53,12819.02,12808.24,12814.81,1030,383,0
1610978400,12814.92,12823.83,12795.14,12821.62,1595,384,0
1610982000,12822.39,12825.66,12804.89,12821.39,1483,370,0
1610985600,12821.67,12823.37,12815.17,12819.8,981,383,0
1610989200,12820.16,12825.52,12810.42,12821.67,1147,388,0
1611010800,12833.96,12845.79,12833.96,12843.12,456,402,0
1611014400,12843.73,12885.81,12843.19,12879.82,1540,388,0
1611018000,12879.81,12899.91,12878.03,12896.75,1430,389,0
1611021600,12897.04,12905.84,12891.56,12902.29,1178,387,0
1611025200,12902.49,12959.93,12901.44,12943.51,1660,392,0
1611028800,12943.81,12946.02,12933.17,12945.57,1005,397,0
1611032400,12945.58,12949.43,12923.84,12926.5,1570,394,0
1611036000,12926.49,12938.22,12917.31,12926.49,1341,395,0
1611039600,12928.26,12951.08,12922.51,12948.24,1615,408,0
1611043200,12947.65,12949.17,12919.74,12923.03,2037,395,0
1611046800,12923.44,12940.27,12920.89,12937.54,1546,392,0
1611050400,12938.03,12944.33,12932.28,12938.2,1226,382,0
1611054000,12938.33,12946.55,12937.44,12943.96,1125,379,0
1611057600,12944.27,12944.27,12905.83,12918.48,1688,389,0
1611061200,12918.48,12922.32,12903.87,12908.69,1553,387,0
1611064800,12907.98,12941.47,12872.74,12895.94,3418,390,0
1611068400,12895.95,12926.72,12871.22,12892.78,3867,402,0
1611072000,12891.56,12919.97,12862.61,12913.41,3304,391,0
1611075600,12914.19,12970.36,12909.82,12968.73,2725,391,0
1611079200,12969.19,13004.65,12968.23,13001.77,2440,384,0
1611082800,13002.0,13007.8,12985.27,12998.77,2365,384,0
1611086400,12998.68,13018.51,12995.34,12998.01,2728,389,0
1611097200,13065.06,13065.78,13052.57,13063.68,665,425,0
1611100800,13063.69,13063.69,13049.15,13053.01,1402,392,0
1611104400,13052.46,13058.01,13033.04,13052.41,1806,392,0
1611108000,13052.46,13061.99,13052.39,13059.5,1220,386,0
1611111600,13059.77,13063.49,13041.66,13048.64,1289,388,0
1611115200,13048.97,13049.27,13035.72,13044.5,1170,387,0
1611118800,13044.54,13070.47,13038.44,13061.93,1412,388,0
1611122400,13062.66,13086.06,13055.65,13076.35,1183,401,0
1611126000,13076.63,13084.86,13068.27,13071.16,1202,403,0
1611129600,13070.68,13102.27,13059.73,13081.1,1935,401,0
1611133200,13081.41,13096.21,13068.83,13092.98,1753,403,0
1611136800,13093.42,13111.59,13089.27,13108.57,1620,407,0
1611140400,13108.66,13110.39,13095.47,13103.49,1301,395,0
1611144000,13103.7,13120.4,13093.67,13120.09,1442,397,0
1611147600,13121.09,13134.88,13116.89,13134.57,1637,399,0
1611151200,13134.01,13208.21,13134.01,13176.89,3200,396,0
1611154800,13177.75,13261.9,13177.67,13251.69,3621,417,0
1611158400,13250.92,13268.43,13219.78,13262.47,3073,403,0
1611162000,13263.25,13288.33,13256.19,13281.34,2607,392,0
1611165600,13281.71,13307.8,13278.96,13294.47,2489,391,0
1611169200,13294.28,13330.22,13281.12,13323.62,2668,394,0
1611172800,13323.59,13340.37,13298.97,13298.97,2965,405,0
1611183600,13329.92,13334.97,13326.68,13329.03,552,406,0
1611187200,13328.61,13364.87,13320.86,13361.75,1477,406,0
1611190800,13362.59,13395.5,13358.41,13368.67,1818,409,0
1611194400,13367.94,13387.73,13361.52,13379.1,1265,410,0
1611198000,13379.1,13391.19,13376.48,13388.73,1386,409,0
1611201600,13388.18,13405.17,13385.6,13393.13,1213,416,0
1611205200,13392.42,13399.88,13385.38,13392.68,1251,405,0
1611208800,13392.68,13396.33,13358.75,13372.24,1345,398,0
1611212400,13372.09,13382.45,13366.35,13378.22,1198,412,0
1611216000,13377.28,13386.24,13349.05,13363.87,1974,411,0
1611219600,13363.5,13376.29,13358.73,13364.16,1545,414,0
1611223200,13363.67,13368.6,13351.07,13365.66,1232,420,0
1611226800,13365.78,13367.97,13354.61,13367.53,1082,410,0
1611230400,13366.97,13375.03,13356.34,13365.35,1349,404,0
1611234000,13365.48,13380.84,13319.7,13332.11,1879,406,0
1611237600,13331.17,13356.94,13297.16,13330.27,3487,411,0
1611241200,13330.97,13402.19,13322.37,13399.6,3633,416,0
1611244800,13400.04,13405.68,13361.4,13382.21,3033,404,0
1611248400,13381.92,13385.0,13329.89,13373.74,2893,396,0
1611252000,13374.47,13399.77,13374.18,13379.07,2389,390,0
1611255600,13378.87,13420.19,13377.37,13419.35,2360,390,0
1611259200,13419.44,13436.78,13405.4,13411.56,2850,391,0
1611270000,13400.46,13407.16,13394.38,13398.43,552,424,0
1611273600,13398.3,13407.47,13380.41,13387.18,1513,408,0
1611277200,13387.25,13390.94,13376.69,13384.74,1567,403,0
1611280800,13384.51,13387.79,13347.05,13366.78,1650,401,0
1611284400,13366.78,13375.96,13352.05,13362.1,1390,415,0
1611288000,13362.14,13377.16,13358.68,13368.45,1037,419,0
1611291600,13368.39,13373.79,13356.4,13362.16,1329,415,0
1611295200,13361.79,13372.84,13350.11,13365.17,1336,407,0
1611298800,13365.15,13370.05,13355.39,13360.88,1533,413,0
1611302400,13360.99,13366.78,13339.01,13359.59,2285,407,0
1611306000,13360.27,13360.99,13324.79,13341.26,1783,408,0
1611309600,13341.45,13350.34,13329.75,13333.61,1773,408,0
1611313200,13334.07,13341.9,13321.16,13338.48,1844,408,0
1611316800,13338.94,13348.61,13314.73,13333.96,1986,407,0
1611320400,13334.09,13340.44,13319.45,13336.56,1909,418,0
1611324000,13335.76,13403.7,13334.47,13397.06,3008,416,0
1611327600,13398.06,13405.06,13337.34,13365.29,3697,417,0
1611331200,13365.29,13390.7,13351.6,13382.08,2959,399,0
1611334800,13382.85,13391.64,13366.85,13371.66,2678,395,0
1611338400,13371.66,13391.05,13355.61,13371.78,2484,390,0
1611342000,13371.95,13404.29,13364.6,13402.14,2405,390,0
1611345600,13402.29,13410.01,13368.15,13369.1,2746,395,0
1611529200,13411.51,13421.57,13409.29,13412.59,539,422,0
1611532800,13412.99,13455.52,13403.34,13451.12,1594,413,0
1611536400,13451.12,13460.57,13443.5,13453.06,1555,406,0
1611540000,13453.37,13475.15,13452.4,13473.62,1217,400,0
1611543600,13473.68,13477.29,13467.83,13469.35,1060,402,0
1611547200,13468.98,13475.21,13468.98,13471.98,717,400,0
1611550800,13472.19,13482.92,13469.04,13474.37,1039,399,0
1611554400,13474.55,13476.59,13466.63,13472.87,1067,399,0
1611558000,13473.04,13493.16,13467.03,13490.33,1182,410,0
1611561600,13490.15,13491.06,13477.86,13489.5,1781,410,0
1611565200,13489.45,13511.25,13488.39,13497.99,1675,417,0
1611568800,13497.76,13504.3,13484.51,13504.3,1416,402,0
1611572400,13504.77,13505.07,13484.88,13492.23,1411,405,0
1611576000,13491.31,13521.66,13485.76,13490.04,2292,417,0
1611579600,13489.71,13518.84,13488.67,13496.23,2237,416,0
1611583200,13496.37,13568.14,13496.02,13553.54,3118,414,0
1611586800,13552.81,13563.86,13356.26,13361.36,4250,427,0
1611590400,13360.09,13411.67,13202.41,13411.67,6047,452,0
1611594000,13412.58,13436.47,13327.16,13434.61,4243,441,0
1611597600,13445.3,13458.69,13425.77,13447.74,1345,445,0
1611601200,13448.29,13463.81,13417.7,13450.58,3259,429,0
1611604800,13449.78,13492.39,13389.87,13487.54,3663,443,0
1611615600,13481.86,13485.05,13475.42,13476.53,502,430,0
1611619200,13475.64,13480.45,13456.6,13459.5,1493,420,0
1611622800,13460.63,13463.92,13444.84,13458.85,1673,411,0
1611626400,13459.05,13463.05,13441.41,13446.24,1603,410,0
1611630000,13445.39,13449.02,13436.88,13443.6,1374,406,0
1611633600,13444.28,13446.01,13394.71,13401.85,1472,404,0
1611637200,13402.57,13427.18,13401.91,13416.43,1694,414,0
1611640800,13416.75,13421.99,13397.34,13402.97,1566,417,0
1611644400,13402.6,13430.46,13401.33,13417.94,1963,438,0
1611648000,13418.93,13460.69,13416.11,13455.71,2141,415,0
1611651600,13455.67,13469.88,13437.71,13444.22,1886,414,0
1611655200,13444.29,13455.28,13434.87,13449.7,1536,408,0
1611658800,13449.78,13492.41,13446.2,13477.25,1846,416,0
1611662400,13476.72,13502.1,13476.32,13479.94,1918,426,0
1611666000,13480.67,13493.37,13466.01,13491.76,1805,418,0
1611669600,13492.44,13521.97,13440.45,13490.99,3477,420,0
1611673200,13492.06,13535.6,13453.93,13521.79,4116,426,0
1611676800,13522.54,13545.53,13467.97,13470.92,3675,426,0
1611680400,13470.83,13507.65,13469.86,13492.02,2947,402,0
1611684000,13492.27,13525.58,13481.29,13513.0,2647,394,0
1611687600,13513.26,13523.78,13493.73,13509.34,2807,393,0
1611691200,13509.47,13520.45,13482.81,13497.82,3084,409,0
1611702000,13593.13,13594.16,13565.88,13573.2,749,448,0
1611705600,13573.71,13579.49,13557.57,13569.14,1400,425,0
1611709200,13569.43,13581.81,13552.85,13564.51,1743,422,0
1611712800,13564.27,13568.14,13550.58,13559.8,1542,413,0
1611716400,13559.43,13569.28,13549.13,13560.34,1165,409,0
1611720000,13560.18,13565.03,13554.72,13561.61,925,405,0
1611723600,13561.2,13580.11,13559.4,13576.57,1384,411,0
1611727200,13576.69,13585.34,13563.63,13568.45,1289,424,0
1611730800,13567.75,13570.88,13561.55,13568.01,1212,423,0
1611734400,13567.71,13567.71,13541.97,13551.99,2157,412,0
1611738000,13551.44,13579.08,13551.2,13563.17,1648,404,0
1611741600,13562.39,13566.4,13536.81,13538.32,1734,408,0
1611745200,13537.58,13538.16,13459.68,13464.49,2719,420,0
1611748800,13467.02,13493.92,13370.84,13370.84,3893,475,0
1611752400,13371.91,13410.48,13366.48,13407.3,3068,422,0
1611756000,13407.84,13415.67,13182.85,13293.73,5424,425,0
1611759600,13295.08,13395.92,13276.75,13377.73,5145,468,0
1611763200,13376.76,13377.76,13226.89,13230.91,4378,446,0
1611766800,13230.0,13340.87,13217.16,13331.74,3930,441,0
1611770400,13332.49,13343.41,13265.88,13281.59,3708,446,0
1611774000,13282.66,13315.92,13118.31,13133.33,4991,451,0
1611777600,13132.47,13160.78,13034.38,13131.23,5759,494,0
1611788400,13012.26,13020.41,12967.27,12990.87,1565,482,0
1611792000,12991.42,13039.28,12988.05,13026.7,2910,446,0
1611795600,13026.03,13138.25,13021.31,13119.34,3077,467,0
1611799200,13120.37,13133.71,13030.56,13072.29,2753,458,0
1611802800,13072.33,13098.41,13042.45,13076.85,2516,449,0
1611806400,13076.91,13087.16,13023.81,13028.53,2304,450,0
1611810000,13029.02,13075.6,13027.16,13043.2,2220,432,0
1611813600,13042.17,13055.77,13014.7,13032.4,2124,440,0
1611817200,13033.2,13040.85,12979.36,13014.85,2815,439,0
1611820800,13013.73,13050.65,12932.11,12947.98,3478,445,0
1611824400,12948.45,12986.1,12919.03,12975.96,3228,463,0
1611828000,12976.76,13007.84,12950.32,12972.56,3023,456,0
1611831600,12971.76,13054.79,12954.35,13017.5,3058,449,0
1611835200,13016.39,13081.58,13009.8,13033.63,2963,445,0
1611838800,13032.51,13139.84,12985.01,13131.28,3405,434,0
1611842400,13131.27,13258.81,13126.66,13199.66,4739,439,0
1611846000,13201.64,13296.26,13191.91,13287.26,5360,487,0
1611849600,13288.32,13326.89,13265.72,13318.85,4086,445,0
1611853200,13320.08,13394.78,13319.76,13378.14,3485,432,0
1611856800,13378.93,13404.76,13361.55,13388.21,3290,426,0
1611860400,13389.06,13395.29,13307.23,13342.45,3624,431,0
1611864000,13339.9,13341.16,13186.43,13198.22,4420,467,0
1611874800,13187.61,13195.58,13138.76,13146.59,1160,485,0
1611878400,13146.83,13173.51,13123.68,13136.31,2406,444,0
1611882000,13135.5,13169.85,13072.9,13078.34,2753,456,0
1611885600,13078.53,13095.34,13066.58,13080.86,2564,450,0
1611889200,13080.8,13086.24,13005.51,13006.5,2519,440,0
1611892800,13006.56,13027.75,12974.21,13020.08,2746,439,0
1611896400,13019.19,13027.36,12981.36,13013.77,2794,447,0
1611900000,13012.87,13072.0,12985.19,13069.44,2539,447,0
1611903600,13069.4,13084.69,12975.58,13011.72,3228,448,0
1611907200,13010.5,13037.45,12943.52,13029.52,3848,470,0
1611910800,13030.52,13053.73,12987.87,13004.03,3115,459,0
1611914400,13003.74,13053.59,12950.83,13048.64,2920,452,0
1611918000,13047.94,13106.05,13022.32,13073.69,2974,456,0
1611921600,13073.49,13109.23,13046.3,13054.84,2875,446,0
1611925200,13055.03,13175.65,13005.85,13140.15,3963,457,0
1611928800,13140.0,13147.7,13008.91,13094.05,5022,444,0
1611932400,13094.9,13167.83,13036.25,13116.6,5204,459,0
1611936000,13117.19,13132.95,12974.79,13041.34,5004,455,0
1611939600,13039.91,13055.57,12842.97,12867.2,5125,453,0
1611943200,12867.67,12960.84,12843.16,12899.13,5218,462,0
1611946800,12896.81,12965.93,12883.24,12922.65,4824,455,0
1611950400,12923.63,13029.99,12913.81,12923.34,5051,449,0
1612134000,12783.42,12816.84,12777.15,12805.06,1629,495,0
1612137600,12806.99,12851.92,12795.61,12839.79,2698,444,0
1612141200,12840.73,12888.23,12827.53,12862.26,2834,456,0
1612144800,12861.82,12906.14,12860.75,12891.75,2572,441,0
1612148400,12892.35,12950.75,12884.13,12945.5,2420,433,0
1612152000,12945.5,12966.69,12928.23,12965.25,1961,428,0
1612155600,12964.89,12992.96,12961.62,12986.49,1955,419,0
1612159200,12986.76,12991.07,12968.43,12976.26,1722,433,0
1612162800,12977.18,13045.47,12942.82,13028.71,2743,448,0
1612166400,13027.93,13057.76,12994.8,13043.17,3371,449,0
1612170000,13042.08,13071.41,13032.51,13056.87,2663,428,0
1612173600,13056.52,13068.58,13034.28,13048.42,2360,422,0
1612177200,13048.31,13094.47,13037.08,13051.16,2476,442,0
1612180800,13050.86,13083.46,13042.68,13056.65,2409,427,0
1612184400,13057.96,13070.14,13049.08,13058.46,2152,411,0
1612188000,13058.37,13113.09,12981.65,13031.23,4157,425,0
1612191600,13024.44,13144.49,12999.6,13085.15,4894,447,0
1612195200,13086.31,13208.85,13055.81,13187.48,3948,429,0
1612198800,13187.47,13267.98,13187.47,13267.02,3417,424,0
1612202400,13267.07,13282.1,13239.61,13274.02,3066,421,0
1612206000,13274.84,13282.33,13248.53,13263.21,3009,410,0
1612209600,13263.64,13281.73,13243.17,13246.81,3509,417,0
1612220400,13280.25,13286.36,13271.56,13275.39,698,442,0
1612224000,13275.73,13276.85,13245.88,13267.16,2093,426,0
1612227600,13267.68,13351.89,13267.04,13346.19,2384,427,0
1612231200,13347.1,13384.77,13335.8,13362.74,2041,425,0
1612234800,13363.09,13365.78,13345.68,13356.89,1764,422,0
1612238400,13356.98,13361.23,13336.94,13336.94,1483,436,0
1612242000,13337.07,13344.38,13318.65,13344.38,2022,436,0
1612245600,13343.68,13348.86,13322.58,13336.46,1673,427,0
1612249200,13336.78,13337.51,13315.24,13325.58,2104,441,0
1612252800,13324.68,13377.1,13315.56,13348.47,2711,431,0
1612256400,13348.01,13391.46,13341.54,13379.64,2298,432,0
1612260000,13380.64,13388.9,13366.37,13376.77,1863,414,0
1612263600,13376.67,13378.58,13345.34,13345.9,1775,425,0
1612267200,13345.17,13368.07,13340.16,13350.71,1865,420,0
1612270800,13351.28,13372.69,13348.9,13367.06,2051,420,0
1612274400,13366.94,13436.45,13343.79,13395.05,3584,426,0
1612278000,13395.27,13450.0,13382.3,13429.13,4206,447,0
1612281600,13428.23,13472.32,13410.41,13470.46,3229,403,0
1612285200,13470.68,13484.17,13462.58,13474.79,2648,402,0
1612288800,13474.61,13498.76,13440.79,13486.0,2496,403,0
1612292400,13485.8,13507.37,13475.59,13502.85,2532,397,0
1612296000,13502.84,13502.84,13456.23,13460.35,3160,413,0
1612306800,13516.22,13520.98,13499.09,13501.45,750,453,0
1612310400,13502.06,13547.05,13490.09,13541.48,1907,431,0
1612314000,13541.92,13541.92,13507.76,13524.64,2113,435,0
1612317600,13524.47,13536.89,13504.65,13526.53,1955,433,0
1612321200,13526.06,13527.03,13514.56,13522.75,1402,438,0
1612324800,13522.52,13540.28,13520.52,13531.48,1204,424,0
1612328400,13531.12,13560.37,13527.81,13558.89,1426,426,0
1612332000,13559.75,13562.36,13551.08,13560.03,1228,413,0
1612335600,13560.05,13592.99,13552.36,13590.99,1537,418,0
1612339200,13588.91,13597.32,13560.04,13563.66,2298,421,0
1612342800,13563.36,13567.82,13527.77,13533.6,2174,428,0
1612346400,13533.25,13564.28,13531.58,13556.53,1899,428,0
1612350000,13555.79,13567.43,13546.71,13567.04,1474,413,0
1612353600,13566.26,13566.26,13535.04,13543.19,1960,417,0
1612357200,13543.38,13559.65,13539.48,13552.7,1910,412,0
1612360800,13552.87,13560.18,13475.55,13540.47,3828,413,0
1612364400,13543.69,13546.02,13404.15,13438.9,4716,465,0
1612368000,13439.66,13486.47,13429.12,13482.76,3553,420,0
1612371600,13483.12,13505.26,13467.38,13494.72,2931,414,0
1612375200,13494.34,13509.18,13472.78,13499.58,2714,416,0
1612378800,13500.43,13505.93,13464.05,13464.05,2685,409,0
1612382400,13462.57,13470.53,13401.74,13401.76,3447,428,0
1612393200,13455.88,13456.44,13444.2,13455.47,633,449,0
1612396800,13454.6,13457.27,13427.59,13429.29,1737,428,0
1612400400,13429.23,13445.47,13426.0,13437.01,1795,424,0
1612404000,13437.58,13458.39,13437.58,13445.99,1429,417,0
1612407600,13446.33,13450.28,13369.57,13380.69,2021,427,0
1612411200,13380.73,13391.52,13372.75,13374.72,1570,436,0
1612414800,13374.62,13395.63,13357.74,13392.88,2049,451,0
1612418400,13394.17,13436.51,13380.42,13435.06,1777,430,0
1612422000,13435.21,13461.27,13421.18,13428.48,1896,437,0
1612425600,13427.33,13467.96,13425.44,13456.3,2427,424,0
1612429200,13456.35,13458.04,13447.33,13452.05,1671,422,0
1612432800,13451.84,13464.0,13443.33,13459.61,1482,413,0
1612436400,13459.86,13462.61,13430.71,13436.06,1402,414,0
1612440000,13436.39,13464.4,13436.39,13459.53,1737,418,0
1612443600,13459.33,13474.55,13454.45,13462.86,1835,413,0
1612447200,13462.12,13490.68,13423.44,13446.53,3657,424,0
1612450800,13445.86,13463.54,13401.78,13445.84,4068,425,0
1612454400,13444.96,13475.18,13433.77,13468.19,3106,406,0
1612458000,13467.87,13495.57,13467.48,13491.05,2548,397,0
1612461600,13491.25,13515.99,13487.19,13507.07,2250,395,0
1612465200,13507.01,13522.13,13499.69,13517.85,2173,391,0
1612468800,13517.98,13562.84,13512.65,13562.12,2545,400,0
1612479600,13561.24,13567.89,13549.32,13561.91,691,422,0
1612483200,13561.66,13563.08,13544.77,13549.77,1345,414,0
1612486800,13549.87,13574.84,13537.32,13574.05,1754,414,0
1612490400,13574.27,13601.91,13574.04,13585.36,1663,417,0
1612494000,13585.61,13591.17,13571.39,13578.83,1310,412,0
1612497600,13578.83,13597.08,13578.83,13590.12,1224,423,0
1612501200,13590.35,13623.77,13586.55,13621.18,1525,417,0
1612504800,13620.49,13626.29,13610.99,13611.05,1282,409,0
1612508400,13610.36,13617.66,13598.32,13609.21,1390,427,0
1612512000,13610.15,13610.15,13587.37,13598.24,1842,422,0
1612515600,13599.32,13605.88,13575.39,13595.45,1764,413,0
1612519200,13595.3,13609.64,13590.69,13599.78,1339,414,0
1612522800,13599.42,13612.85,13589.83,13607.12,1364,420,0
1612526400,13606.83,13612.09,13600.06,13602.4,1375,418,0
1612530000,13602.18,13615.36,13577.47,13591.92,2076,419,0
1612533600,13591.21,13605.03,13544.71,13546.78,3361,407,0
1612537200,13546.02,13578.56,13527.76,13573.31,3668,414,0
1612540800,13574.32,13585.42,13547.13,13572.64,2803,401,0
1612544400,13572.73,13639.7,13568.06,13638.92,2489,398,0
1612548000,13638.66,13645.74,13592.14,13595.52,2461,402,0
1612551600,13595.28,13621.34,13586.88,13602.21,2616,404,0
1612555200,13602.1,13610.89,13576.27,13604.86,2972,415,0
1612738800,13640.85,13651.65,13632.97,13646.6,771,443,0
1612742400,13646.57,13671.25,13634.76,13664.15,1837,424,0
1612746000,13664.02,13694.88,13661.39,13688.32,1666,421,0
1612749600,13688.19,13691.97,13677.29,13684.73,1402,406,0
1612753200,13684.48,13689.76,13676.32,13681.17,1130,416,0
1612756800,13680.79,13684.17,13676.96,13680.6,887,419,0
1612760400,13680.79,13687.02,13674.9,13684.43,1218,414,0
1612764000,13683.71,13691.16,13680.62,13681.9,927,408,0
1612767600,13681.42,13684.03,13666.59,13670.52,1127,406,0
1612771200,13670.25,13678.63,13642.15,13653.49,1992,417,0
1612774800,13652.55,13661.77,13636.82,13655.96,1658,417,0
1612778400,13655.75,13661.38,13647.12,13650.61,1225,414,0
1612782000,13650.62,13670.59,13647.15,13662.23,1290,416,0
1612785600,13662.02,13662.31,13637.14,13655.53,1468,415,0
1612789200,13655.54,13668.93,13647.38,13665.88,1467,415,0
1612792800,13666.24,13681.89,13640.89,13671.39,3029,406,0
1612796400,13671.35,13699.05,13645.63,13680.27,3352,419,0
1612800000,13681.09,13683.25,13604.4,13638.02,3192,411,0
1612803600,13638.94,13658.67,13635.17,13642.68,2564,400,0
1612807200,13642.99,13658.13,13624.53,13632.51,2507,392,0
1612810800,13632.8,13648.28,13628.2,13646.92,2445,399,0
1612814400,13647.11,13693.45,13645.29,13692.67,2474,396,0
1612825200,13685.02,13689.09,13681.81,13688.49,440,408,0
1612828800,13688.41,13689.34,13664.3,13677.06,1625,410,0
1612832400,13677.51,13689.48,13665.56,13685.64,1590,417,0
1612836000,13685.83,13689.89,13677.83,13681.48,1102,411,0
1612839600,13681.86,13688.97,13674.3,13679.59,1027,410,0
1612843200,13679.6,13686.9,13679.39,13683.99,802,406,0
1612846800,13684.54,13695.18,13680.65,13685.87,1179,407,0
1612850400,13686.6,13689.33,13680.05,13681.53,1015,415,0
1612854000,13680.58,13680.63,13671.31,13678.91,1106,417,0
1612857600,13678.86,13682.66,13669.54,13679.53,1623,406,0
1612861200,13679.64,13680.77,13669.67,13677.11,1387,410,0
1612864800,13677.56,13681.85,13670.62,13672.34,1032,406,0
1612868400,13672.14,13677.47,13658.47,13677.1,1140,406,0
1612872000,13676.91,13684.97,13671.36,13674.74,1095,402,0
1612875600,13675.27,13675.85,13661.56,13666.46,1225,405,0
1612879200,13666.44,13714.88,13641.01,13711.36,2851,419,0
1612882800,13711.73,13741.82,13705.29,13716.84,3075,413,0
1612886400,13716.94,13717.18,13675.0,13698.37,2773,401,0
1612890000,13697.51,13712.61,13686.23,13700.97,2613,400,0
1612893600,13700.65,13703.2,13669.17,13679.06,2433,393,0
1612897200,13678.75,13714.3,13678.75,13711.93,2098,390,0
1612900800,13712.07,13718.69,13672.46,13689.29,2470,389,0
1612911600,13697.68,13703.39,13696.14,13696.14,391,421,0
1612915200,13696.48,13696.99,13687.84,13694.52,1105,409,0
1612918800,13694.72,13733.85,13692.04,13731.14,1525,409,0
1612922400,13731.25,13741.82,13731.01,13741.14,1221,408,0
1612926000,13741.19,13759.11,13740.47,13745.91,1079,407,0
1612929600,13745.93,13750.96,13740.17,13748.08,793,405,0
1612933200,13748.4,13752.2,13746.18,13749.22,961,402,0
1612936800,13749.59,13757.75,13747.81,13748.35,936,399,0
1612940400,13748.68,13778.11,13743.34,13768.63,1295,402,0
1612944000,13768.97,13771.62,13749.83,13765.54,1963,406,0
1612947600,13765.64,13765.75,13747.63,13752.82,1561,407,0
1612951200,13752.77,13754.98,13743.3,13749.98,1317,411,0
1612954800,13750.3,13753.84,13729.68,13732.2,1225,406,0
1612958400,13731.44,13738.53,13727.47,13734.53,1499,414,0
1612962000,13734.67,13760.41,13723.45,13752.17,1820,415,0
1612965600,13752.12,13769.34,13723.13,13743.62,2923,411,0
1612969200,13744.96,13760.92,13525.51,13615.04,5340,433,0
1612972800,13615.95,13649.37,13573.9,13622.36,4323,451,0
1612976400,13623.13,13644.31,13592.0,13635.04,3548,421,0
1612980000,13634.83,13650.9,13617.84,13631.13,2753,413,0
1612983600,13630.55,13696.47,13626.06,13689.1,3118,421,0
1612987200,13689.52,13702.47,13627.27,13658.25,3328,421,0
1612998000,13671.04,13671.77,13658.99,13661.62,528,442,0
1613001600,13661.1,13661.37,13621.38,13624.68,1388,438,0
1613005200,13624.68,13638.61,13623.15,13629.43,1353,424,0
1613008800,13629.26,13673.83,13626.52,13670.74,1234,417,0
1613012400,13670.49,13677.1,13656.76,13660.57,1207,426,0
1613016000,13660.39,13674.14,13650.82,13668.85,993,422,0
1613019600,13669.1,13670.18,13650.26,13655.7,824,425,0
1613023200,13655.91,13664.88,13655.5,13662.06,676,418,0
1613026800,13663.46,13673.6,13663.46,13670.17,1035,424,0
1613030400,13670.86,13705.31,13667.77,13700.35,1984,422,0
1613034000,13700.11,13717.96,13696.09,13713.75,1419,415,0
1613037600,13714.33,13723.4,13709.39,13712.89,1219,418,0
1613041200,13712.97,13726.88,13709.7,13712.37,1148,423,0
1613044800,13711.56,13716.72,13703.11,13716.61,1166,416,0
1613048400,13716.93,13729.75,13713.99,13718.83,1354,410,0
1613052000,13718.95,13744.88,13688.68,13692.73,3035,418,0
1613055600,13693.87,13750.2,13691.0,13715.85,3666,431,0
1613059200,13715.67,13748.73,13701.18,13728.79,3072,408,0
1613062800,13729.37,13742.01,13631.85,13692.76,3913,420,0
1613066400,13693.24,13723.63,13669.25,13703.58,2962,410,0
1613070000,13703.9,13703.9,13647.59,13696.32,3234,424,0
1613073600,13696.58,13741.37,13690.35,13733.14,2890,412,0
1613084400,13728.03,13739.11,13723.07,13738.41,488,435,0
1613088000,13739.3,13748.82,13725.92,13726.28,1305,427,0
1613091600,13735.85,13735.85,13721.65,13727.58,794,444,0
1613095200,13727.51,13730.65,13709.95,13714.68,872,416,0
1613098800,13714.57,13725.01,13711.59,13721.83,847,420,0
1613102400,13721.95,13725.59,13714.15,13716.7,638,420,0
1613106000,13716.38,13725.41,13714.59,13724.02,657,411,0
1613109600,13724.39,13725.02,13714.21,13718.89,697,409,0
1613113200,13719.01,13719.01,13705.33,13707.59,663,411,0
1613116800,13708.45,13722.57,13671.01,13691.12,2154,425,0
1613120400,13690.63,13714.64,13690.63,13711.62,1501,418,0
1613124000,13711.94,13717.83,13709.39,13712.24,1176,407,0
1613127600,13712.15,13715.58,13702.91,13714.97,1100,411,0
1613131200,13715.67,13725.7,13712.14,13719.11,1211,420,0
1613134800,13719.67,13729.4,13690.53,13692.27,1468,416,0
1613138400,13691.77,13711.98,13653.34,13700.93,2995,419,0
1613142000,13701.11,13742.98,13671.83,13730.24,3304,415,0
1613145600,13731.08,13757.4,13725.44,13747.47,2772,401,0
1613149200,13747.88,13761.57,13735.69,13749.3,2473,396,0
1613152800,13749.35,13752.54,13718.99,13728.62,2434,399,0
1613156400,13728.87,13752.93,13717.15,13749.3,2429,395,0
1613160000,13750.19,13816.51,13742.97,13810.93,2553,397,0
1613343600,13833.86,13837.68,13826.87,13833.19,530,429,0
1613347200,13832.45,13869.95,13830.68,13865.57,1590,425,0
1613350800,13865.47,13872.76,13854.0,13860.22,1066,412,0
1613354400,13860.34,13864.17,13854.8,13855.37,752,404,0
1613358000,13855.45,13860.79,13853.6,13858.79,597,402,0
1613361600,13858.8,13864.56,13855.77,13857.51,677,400,0
1613365200,13857.09,13858.64,13849.3,13850.12,674,407,0
1613368800,13850.48,13856.85,13843.72,13845.39,699,411,0
1613372400,13845.0,13853.37,13844.22,13851.34,843,406,0
1613376000,13850.33,13851.36,13840.02,13850.36,1488,407,0
1613379600,13850.56,13853.39,13845.28,13850.08,904,401,0
1613383200,13849.81,13856.12,13848.54,13851.39,762,403,0
1613386800,13851.39,13855.38,13847.57,13852.58,624,403,0
1613390400,13852.63,13853.61,13844.3,13845.94,679,398,0
1613394000,13845.83,13854.01,13845.58,13852.65,587,397,0
1613397600,13852.65,13869.28,13851.31,13864.23,1082,399,0
1613401200,13864.56,13871.34,13860.15,13869.96,842,392,0
1613404800,13869.84,13870.46,13861.95,13866.88,928,381,0
1613408400,13866.67,13885.55,13864.63,13879.92,868,386,0
1613430000,13871.23,13877.08,13864.67,13865.25,483,417,0
1613433600,13865.54,13891.52,13865.02,13885.87,1457,418,0
1613437200,13885.66,13907.52,13880.72,13899.51,1296,412,0
1613440800,13899.63,13905.38,13898.31,13899.63,772,398,0
1613444400,13899.69,13904.54,13892.28,13902.02,873,403,0
1613448000,13902.35,13906.14,13900.04,13904.88,687,397,0
1613451600,13905.08,13907.66,13882.47,13891.68,1270,398,0
1613455200,13891.22,13895.69,13885.96,13890.2,783,411,0
1613458800,13890.48,13892.7,13868.35,13874.15,1169,416,0
1613462400,13873.47,13876.99,13856.43,13871.95,1742,418,0
1613466000,13871.77,13872.59,13853.83,13868.61,1389,410,0
1613469600,13868.49,13878.94,13866.5,13876.64,1035,407,0
1613473200,13876.53,13887.44,13862.61,13883.07,1197,406,0
1613476800,13882.62,13887.95,13875.45,13884.36,1246,417,0
1613480400,13885.48,13886.99,13855.93,13858.94,1762,419,0
1613484000,13858.23,13874.7,13818.83,13859.83,3532,426,0
1613487600,13861.41,13882.26,13821.34,13840.93,3602,430,0
1613491200,13840.45,13845.37,13752.1,13757.3,3674,435,0
1613494800,13756.45,13798.07,13723.93,13796.74,3487,428,0
1613498400,13796.91,13808.34,13760.38,13761.77,2767,421,0
1613502000,13761.64,13804.11,13761.63,13781.14,2605,416,0
1613505600,13780.38,13793.35,13753.71,13777.85,3128,423,0
1613516400,13754.22,13755.11,13729.33,13734.84,762,454,0
1613520000,13734.93,13736.93,13709.23,13721.1,1967,441,0
1613523600,13721.27,13730.13,13698.71,13728.8,1826,443,0
1613527200,13728.3,13761.47,13723.2,13759.26,1533,432,0
1613530800,13759.13,13775.4,13751.77,13769.11,1195,420,0
1613534400,13768.55,13768.78,13758.33,13758.87,915,425,0
1613538000,13759.39,13774.38,13759.08,13761.64,1120,425,0
1613541600,13762.39,13779.25,13759.63,13775.52,989,431,0
1613545200,13775.76,13778.17,13755.75,13759.76,1288,424,0
1613548800,13760.59,13788.72,13733.56,13782.78,2298,425,0
1613552400,13783.24,13783.85,13737.0,13745.82,1904,411,0
1613556000,13745.7,13754.84,13738.69,13742.86,1385,420,0
1613559600,13743.58,13752.39,13736.58,13749.84,1286,431,0
1613563200,13750.15,13761.3,13738.11,13752.39,1343,423,0
1613566800,13752.19,13754.9,13663.21,13681.11,2384,425,0
1613570400,13680.02,13695.78,13616.29,13676.06,4526,442,0
1613574000,13678.11,13691.25,13581.98,13655.53,4806,455,0
1613577600,13657.09,13660.66,13548.46,13602.64,4431,457,0
1613581200,13603.64,13651.87,13596.18,13638.86,3202,432,0
1613584800,13639.64,13674.04,13633.8,13657.07,3017,428,0
1613588400,13656.85,13692.63,13642.44,13662.9,3034,429,0
1613592000,13662.89,13713.44,13661.33,13699.51,2821,419,0
1613602800,13693.55,13708.31,13690.74,13706.33,481,440,0
1613606400,13707.22,13725.64,13704.75,13718.49,1664,431,0
1613610000,13718.46,13720.92,13664.38,13680.54,1793,428,0
1613613600,13680.54,13701.0,13666.53,13700.65,1751,432,0
1613617200,13700.84,13702.46,13648.44,13661.71,1750,429,0
1613620800,13661.57,13663.16,13615.91,13629.99,1720,440,0
1613624400,13630.72,13647.74,13625.65,13632.42,1786,440,0
1613628000,13632.33,13651.8,13630.04,13636.85,1391,441,0
1613631600,13636.13,13636.13,13617.61,13626.91,1693,437,0
1613635200,13627.83,13657.86,13610.73,13656.95,2398,424,0
1613638800,13656.82,13657.69,13620.65,13630.61,1893,429,0
1613642400,13630.81,13638.25,13603.71,13608.21,1830,441,0
1613646000,13608.04,13610.1,13574.97,13603.37,1973,431,0
1613649600,13603.57,13618.33,13595.9,13604.86,1705,427,0
1613653200,13605.53,13606.69,13555.92,13564.66,2199,428,0
1613656800,13563.82,13585.76,13526.57,13570.32,4159,446,0
1613660400,13571.3,13572.25,13473.33,13532.19,4295,438,0
1613664000,13533.14,13575.25,13519.14,13536.88,3658,437,0
1613667600,13536.16,13572.43,13500.19,13561.78,3116,418,0
1613671200,13561.44,13617.88,13542.2,13604.64,3085,421,0
1613674800,13604.51,13651.75,13602.92,13646.73,2848,413,0
1613678400,13647.47,13672.29,13633.24,13640.81,2991,415,0
1613689200,13652.66,13652.7,13609.51,13619.01,872,434,0
1613692800,13618.53,13626.11,13611.51,13625.54,1554,432,0
1613696400,13626.04,13644.53,13559.05,13588.59,2327,438,0
1613700000,13589.0,13589.49,13554.23,13557.02,2157,436,0
1613703600,13557.27,13577.34,13554.46,13571.36,1556,423,0
1613707200,13571.36,13589.03,13565.95,13582.49,1311,423,0
1613710800,13582.15,13621.9,13582.15,13619.29,1662,423,0
1613714400,13619.66,13635.54,13613.03,13632.15,1384,429,0
1613718000,13632.45,13638.13,13614.3,13630.08,1627,429,0
1613721600,13629.19,13659.01,13622.84,13654.83,2393,426,0
1613725200,13654.95,13692.19,13645.54,13675.88,2068,424,0
1613728800,13675.99,13694.44,13658.8,13693.57,1932,422,0
1613732400,13694.34,13697.6,13675.05,13679.76,1599,421,0
1613736000,13680.86,13716.9,13680.86,13709.21,1654,407,0
1613739600,13709.42,13731.78,13709.05,13729.46,1673,423,0
1613743200,13729.27,13729.27,13645.12,13674.02,3502,420,0
1613746800,13674.9,13684.2,13632.76,13679.62,3702,417,0
1613750400,13679.39,13702.02,13665.89,13666.41,2855,401,0
1613754000,13665.97,13672.87,13559.15,13586.5,3546,424,0
1613757600,13585.11,13599.29,13538.73,13593.17,3518,421,0
1613761200,13593.87,13608.11,13556.3,13593.52,3214,430,0
1613764800,13592.69,13612.93,13565.13,13575.65,3302,425,0
1613948400,13559.6,13595.86,13559.6,13594.72,949,452,0
1613952000,13595.2,13616.68,13589.26,13608.75,1836,433,0
1613955600,13609.39,13631.57,13578.93,13586.26,2167,429,0
1613959200,13586.5,13600.61,13532.24,13547.02,2334,423,0
1613962800,13547.47,13561.74,13534.43,13554.76,1963,436,0
1613966400,13554.68,13568.76,13540.21,13544.22,1395,428,0
1613970000,13543.98,13549.46,13525.14,13527.0,1973,426,0
1613973600,13526.91,13540.01,13509.71,13533.79,1612,426,0
1613977200,13533.37,13537.4,13413.41,13436.49,2945,429,0
1613980800,13437.77,13439.92,13368.17,13384.27,3312,429,0
1613984400,13385.15,13423.74,13368.43,13419.67,2692,439,0
1613988000,13419.65,13437.11,13410.27,13412.14,1803,423,0
1613991600,13412.85,13421.54,13372.8,13399.04,2164,435,0
1613995200,13399.76,13415.66,13368.53,13394.59,2204,435,0
1613998800,13396.07,13428.91,13374.03,13417.54,2372,443,0
1614002400,13417.24,13441.13,13362.42,13431.18,3931,433,0
1614006000,13428.22,13448.26,13292.13,13303.2,4766,462,0
1614009600,13301.66,13355.3,13284.58,13324.46,3982,426,0
1614013200,13324.82,13343.5,13283.42,13339.88,3374,419,0
1614016800,13340.15,13388.13,13323.26,13371.17,2794,407,0
1614020400,13371.84,13376.52,13325.28,13333.88,2825,409,0
1614024000,13333.56,13335.04,13221.82,13235.18,3897,413,0
1614034800,13257.86,13259.47,13225.44,13231.47,794,428,0
1614038400,13231.5,13235.74,13198.1,13211.52,1824,435,0
1614042000,13211.4,13287.29,13209.47,13282.91,2323,441,0
1614045600,13283.24,13310.11,13272.46,13305.77,1774,417,0
1614049200,13305.03,13307.89,13274.86,13300.79,1665,422,0
1614052800,13301.03,13332.03,13296.34,13331.22,1220,424,0
1614056400,13331.58,13339.02,13311.97,13312.32,1507,411,0
1614060000,13313.52,13317.16,13287.05,13302.47,1612,423,0
1614063600,13303.15,13316.97,13291.17,13316.06,1718,431,0
1614067200,13315.31,13315.31,13210.9,13216.63,2990,434,0
1614070800,13215.63,13215.63,13085.84,13099.34,3624,448,0
1614074400,13097.99,13104.93,12951.21,12985.61,4022,482,0
1614078000,12985.3,13040.32,12959.33,13025.51,3300,448,0
1614081600,13027.0,13052.29,13015.71,13034.79,2684,430,0
1614085200,13033.85,13033.85,12975.33,13024.11,2975,436,0
1614088800,13023.86,13026.98,12760.99,12889.86,5445,435,0
1614092400,12889.03,13103.52,12867.23,13078.89,6507,491,0
1614096000,13079.83,13122.58,12973.79,12980.53,5061,459,0
1614099600,12979.79,13019.56,12890.69,12904.48,4814,451,0
1614103200,12904.81,13066.21,12889.32,13050.66,4290,443,0
1614106800,13049.93,13132.43,13036.79,13132.43,4170,455,0
1614110400,13132.98,13260.72,13122.33,13209.53,4422,454,0
1614121200,13150.5,13190.99,13145.11,13174.14,894,467,0
1614124800,13172.82,13192.55,13157.81,13170.94,2098,433,0
1614128400,13171.75,13265.97,13171.75,13237.37,2763,446,0
1614132000,13237.54,13244.92,13175.21,13187.18,2551,451,0
1614135600,13187.18,13219.04,13128.16,13160.09,2849,462,0
1614139200,13160.33,13181.93,13141.05,13162.95,2001,445,0
1614142800,13163.18,13164.66,13073.71,13092.63,2886,445,0
1614146400,13092.59,13096.38,13032.3,13064.48,2950,448,0
1614150000,13066.14,13159.26,13061.28,13138.54,2812,462,0
1614153600,13139.37,13187.42,13125.26,13185.0,3182,435,0
1614157200,13185.73,13238.97,13176.32,13213.85,2570,433,0
1614160800,13213.85,13247.26,13188.72,13219.92,2493,433,0
1614164400,13220.17,13228.77,13166.17,13182.15,2390,434,0
1614168000,13181.15,13299.47,13180.37,13284.69,2801,425,0
1614171600,13285.83,13293.31,13058.91,13090.28,3568,436,0
1614175200,13088.33,13122.21,13006.12,13034.15,6400,487,0
1614178800,13036.12,13121.11,12963.1,13109.39,5976,480,0
1614182400,13109.73,13199.25,13097.91,13187.59,4350,425,0
1614186000,13187.8,13256.41,13187.8,13210.37,3509,425,0
1614189600,13211.37,13269.22,13174.87,13255.64,3691,433,0
1614193200,13256.9,13263.77,13211.84,13237.83,3706,441,0
1614196800,13237.99,13308.79,13229.45,13297.26,3495,435,0
1614207600,13311.52,13341.26,13311.41,13332.03,755,422,0
1614211200,13332.55,13337.73,13309.47,13318.26,1928,424,0
1614214800,13319.64,13327.61,13280.57,13287.55,2586,457,0
1614218400,13286.89,13319.29,13282.42,13306.87,2105,423,0
1614222000,13308.08,13327.48,13298.13,13322.47,1752,429,0
1614225600,13322.93,13341.0,13316.49,13332.61,1259,423,0
1614229200,13332.88,13350.49,13332.88,13341.12,1679,423,0
1614232800,13341.38,13357.15,13328.78,13355.19,1605,423,0
1614236400,13355.36,13355.36,13285.25,13297.39,2090,449,0
1614240000,13298.17,13304.76,13227.43,13251.67,3364,446,0
1614243600,13252.91,13252.91,13189.61,13216.26,2941,457,0
1614247200,13216.28,13261.54,13196.12,13260.81,2525,441,0
1614250800,13260.58,13272.2,13150.75,13176.99,3168,425,0
1614254400,13178.26,13210.81,13163.22,13179.48,3021,442,0
1614258000,13180.07,13226.53,13157.46,13204.89,3045,440,0
1614261600,13205.69,13292.63,13159.84,13222.55,4656,455,0
1614265200,13224.87,13226.0,13060.3,13134.98,5884,455,0
1614268800,13133.25,13170.34,12988.43,12994.3,5166,455,0
1614272400,12992.96,13019.66,12837.6,12855.28,6117,496,0
1614276000,12853.34,12964.96,12803.67,12912.6,6647,492,0
1614279600,12911.48,13022.63,12898.52,12910.84,5013,463,0
1614283200,12909.49,12929.29,12767.94,12845.5,6117,484,0
1614294000,12816.09,12850.86,12780.98,12783.83,1520,497,0
1614297600,12782.1,12806.53,12707.07,12777.15,3760,496,0
1614301200,12776.39,12820.56,12747.93,12804.62,3794,487,0
1614304800,12805.03,12869.97,12794.74,12813.64,3397,460,0
1614308400,12813.54,12840.07,12769.64,12791.21,2932,479,0
1614312000,12792.61,12810.01,12727.46,12745.13,2799,464,0
1614315600,12745.99,12755.77,12668.36,12703.12,3271,460,0
1614319200,12701.92,12785.82,12697.69,12716.83,3360,476,0
1614322800,12718.32,12811.38,12684.65,12793.46,3661,507,0
1614326400,12795.34,12919.03,12756.26,12895.14,4025,474,0
1614330000,12895.02,12897.19,12838.88,12869.13,3456,468,0
1614333600,12867.95,12871.61,12790.87,12794.09,3316,484,0
1614337200,12791.22,12832.32,12722.6,12766.99,3434,457,0
1614340800,12768.49,12900.22,12767.44,12843.71,4019,476,0
1614344400,12844.49,12970.69,12805.27,12959.77,4127,473,0
1614348000,12958.08,13033.33,12862.46,12879.86,5685,478,0
1614351600,12881.84,12979.94,12755.21,12962.34,7380,546,0
1614355200,12964.89,13029.67,12898.92,13017.2,5839,469,0
1614358800,13018.36,13093.02,12978.3,13000.85,4890,460,0
1614362400,13001.33,13061.91,12943.56,12959.21,5066,452,0
1614366000,12960.8,13016.63,12917.23,12995.06,5219,475,0
1614369600,12993.92,13067.87,12941.74,12952.82,4904,467,0
1614553200,13000.61,13010.91,12981.58,13007.56,1315,457,0
1614556800,13008.17,13055.9,13002.3,13054.06,2521,438,0
1614560400,13054.68,13089.35,13032.02,13072.77,2501,436,0
1614564000,13072.55,13080.46,13046.79,13048.71,2151,427,0
1614567600,13048.52,13083.89,13044.93,13055.71,2050,422,0
1614571200,13055.91,13070.14,13036.63,13045.07,1897,434,0
1614574800,13044.81,13068.19,13044.76,13061.67,1995,440,0
1614578400,13062.44,13076.43,13045.9,13067.17,1921,438,0
1614582000,13066.97,13136.57,13065.81,13116.59,2473,449,0
1614585600,13115.22,13131.11,13100.78,13116.67,2687,424,0
1614589200,13116.24,13128.19,13079.59,13099.09,2484,419,0
1614592800,13099.32,13127.04,13093.9,13100.55,1960,420,0
1614596400,13100.48,13102.55,13054.07,13068.68,2177,413,0
1614600000,13069.04,13085.14,13049.36,13070.7,2232,419,0
1614603600,13068.83,13088.38,13039.12,13077.81,2677,431,0
1614607200,13077.08,13117.57,13044.54,13102.35,4871,457,0
1614610800,13105.29,13195.04,13074.97,13183.08,4606,431,0
1614614400,13184.39,13233.51,13173.05,13224.94,3556,409,0
1614618000,13225.67,13232.54,13195.11,13208.38,3211,412,0
1614621600,13209.66,13224.76,13182.57,13212.43,3237,403,0
1614625200,13212.76,13284.78,13207.01,13275.64,2930,401,0
1614628800,13277.05,13286.53,13246.83,13263.17,3425,414,0
1614639600,13320.88,13325.35,13312.2,13322.5,678,447,0
1614643200,13323.0,13329.63,13311.39,13324.99,1975,421,0
1614646800,13324.5,13326.94,13277.26,13281.79,2377,419,0
1614650400,13280.98,13309.36,13240.06,13245.23,2422,427,0
1614654000,13245.23,13262.03,13236.19,13257.79,2408,426,0
1614657600,13258.07,13259.82,13240.24,13243.29,1658,427,0
1614661200,13244.24,13247.23,13212.38,13225.68,2338,427,0
1614664800,13224.6,13269.39,13218.35,13242.72,2201,427,0
1614668400,13241.6,13252.87,13193.14,13195.02,2477,448,0
1614672000,13196.34,13248.88,13170.97,13177.54,3031,438,0
1614675600,13177.51,13221.89,13166.94,13203.06,2906,442,0
1614679200,13203.03,13240.91,13189.11,13232.5,2528,440,0
1614682800,13232.54,13250.28,13224.28,13234.39,2249,430,0
1614686400,13235.61,13279.26,13234.01,13279.16,1992,405,0
1614690000,13279.08,13286.66,13238.1,13266.46,2175,416,0
1614693600,13267.31,13306.77,13184.6,13223.74,4171,406,0
1614697200,13222.49,13252.56,13137.78,13181.11,5186,456,0
1614700800,13179.35,13204.2,13104.18,13143.47,4845,459,0
1614704400,13142.84,13198.64,13126.58,13172.55,3710,414,0
1614708000,13173.27,13216.61,13167.52,13190.92,3453,428,0
1614711600,13192.4,13209.94,13134.84,13171.02,3749,429,0
1614715200,13171.01,13190.19,13064.74,13065.18,4039,432,0
1614726000,13095.65,13108.94,13094.51,13098.77,725,410,0
1614729600,13098.67,13131.47,13092.01,13120.54,2099,413,0
1614733200,13119.56,13119.56,13071.18,13098.0,2273,420,0
1614736800,13098.0,13132.67,13093.0,13128.56,1878,409,0
1614740400,13128.71,13143.44,13128.7,13138.73,1500,401,0
1614744000,13138.83,13147.39,13135.94,13142.16,1130,399,0
1614747600,13141.95,13154.2,13129.47,13150.97,1492,407,0
1614751200,13150.22,13165.21,13132.27,13150.84,1626,407,0
1614754800,13151.9,13183.17,13139.28,13174.49,1860,427,0
1614758400,13174.73,13194.79,13161.61,13161.85,2338,411,0
1614762000,13161.87,13186.21,13143.91,13154.81,2294,424,0
1614765600,13155.08,13160.55,13128.82,13155.63,1872,411,0
1614769200,13155.77,13160.88,13135.54,13152.94,1808,425,0
1614772800,13154.46,13158.07,13107.87,13120.47,2098,417,0
1614776400,13119.7,13127.86,12975.67,13003.9,3499,417,0
1614780000,13003.43,13054.48,12896.52,12908.3,5124,443,0
1614783600,12910.46,12925.36,12825.7,12911.62,6408,498,0
1614787200,12910.58,12973.54,12894.5,12896.15,4585,433,0
1614790800,12896.92,12909.74,12818.7,12820.32,4093,435,0
1614794400,12819.45,12872.07,12758.69,12774.62,4314,443,0
1614798000,12774.45,12777.71,12680.44,12765.43,5232,466,0
1614801600,12766.22,12777.35,12687.82,12693.32,5183,471,0
1614812400,12631.29,12644.95,12591.0,12595.65,1178,452,0
1614816000,12595.77,12651.53,12586.12,12645.52,2567,428,0
1614819600,12645.98,12651.24,12611.97,12649.28,2843,447,0
1614823200,12649.7,12667.38,12583.07,12603.25,2751,430,0
1614826800,12602.93,12612.52,12544.04,12545.27,2570,444,0
1614830400,12545.87,12580.66,12513.9,12573.71,2556,425,0
1614834000,12574.47,12600.08,12567.25,12577.24,2547,432,0
1614837600,12575.32,12626.48,12569.18,12623.08,2504,435,0
1614841200,12623.3,12674.91,12615.54,12666.95,2689,446,0
1614844800,12664.99,12710.3,12644.68,12652.19,3509,443,0
1614848400,12653.0,12682.91,12584.32,12619.61,3353,457,0
1614852000,12619.42,12635.05,12563.92,12592.72,3166,451,0
1614855600,12593.69,12647.64,12556.72,12638.48,2921,442,0
1614859200,12639.44,12669.02,12624.45,12659.35,2842,429,0
1614862800,12658.83,12708.68,12635.77,12675.25,3214,446,0
1614866400,12675.42,12765.83,12571.93,12590.77,5346,441,0
1614870000,12591.17,12757.71,12511.43,12725.67,6754,473,0
1614873600,12727.44,12798.12,12678.69,12741.65,5777,450,0
1614877200,12743.9,12783.19,12446.78,12485.57,7801,478,0
1614880800,12485.01,12520.27,12307.96,12309.49,7523,524,0
1614884400,12311.06,12535.85,12310.07,12513.64,6632,490,0
1614888000,12512.59,12530.35,12404.06,12467.75,6321,508,0
1614898800,12444.38,12449.83,12408.05,12408.58,1070,446,0
1614902400,12407.12,12415.23,12337.84,12338.37,2721,431,0
1614906000,12338.72,12367.73,12307.82,12346.43,3188,417,0
1614909600,12347.17,12405.3,12314.9,12405.17,2910,421,0
1614913200,12405.34,12443.51,12381.89,12442.33,2632,423,0
1614916800,12443.7,12452.84,12398.85,12399.29,2184,423,0
1614920400,12399.56,12475.44,12388.8,12471.98,2795,433,0
1614924000,12471.48,12474.22,12419.24,12442.59,2296,432,0
1614927600,12442.32,12454.16,12364.56,12416.1,3003,451,0
1614931200,12416.93,12435.55,12353.88,12414.08,4017,461,0
1614934800,12412.26,12442.94,12378.92,12386.12,3197,438,0
1614938400,12385.93,12429.74,12371.26,12413.75,2592,438,0
1614942000,12413.71,12482.47,12411.8,12449.54,2646,437,0
1614945600,12448.13,12508.7,12434.64,12496.34,2732,413,0
1614949200,12496.1,12533.57,12373.38,12501.48,4656,449,0
1614952800,12500.51,12633.02,12360.62,12423.6,6356,453,0
1614956400,12422.42,12493.17,12319.65,12338.76,8027,540,0
1614960000,12340.67,12368.56,12210.21,12360.44,7132,501,0
1614963600,12359.57,12532.57,12316.76,12524.03,6058,477,0
1614967200,12522.07,12625.88,12449.16,12588.93,5856,478,0
1614970800,12591.21,12677.6,12513.17,12669.98,5306,448,0
1614974400,12670.96,12698.7,12631.17,12670.06,5085,454,0
1615158000,12710.73,12726.91,12658.83,12672.19,1337,460,0
1615161600,12671.22,12675.17,12604.33,12656.24,2839,438,0
1615165200,12655.53,12683.28,12620.97,12649.73,3020,450,0
1615168800,12650.34,12657.64,12528.35,12564.18,2867,435,0
1615172400,12564.91,12576.1,12516.5,12542.94,2879,438,0
1615176000,12542.37,12571.19,12519.45,12546.82,2332,431,0
1615179600,12545.77,12560.24,12514.4,12539.03,2778,446,0
1615183200,12538.9,12567.71,12515.63,12526.53,2478,446,0
1615186800,12525.62,12549.15,12458.78,12475.93,2977,462,0
1615190400,12477.13,12482.39,12407.11,12460.02,3635,458,0
1615194000,12461.99,12466.81,12378.66,12424.96,3242,446,0
1615197600,12424.74,12468.59,12419.13,12460.76,2679,445,0
1615201200,12461.51,12493.86,12447.13,12489.83,2854,440,0
1615204800,12491.4,12521.02,12451.79,12486.12,3062,437,0
1615208400,12486.21,12616.35,12466.82,12611.13,3424,444,0
1615212000,12610.54,12699.53,12528.6,12579.84,5763,459,0
1615215600,12582.12,12717.25,12537.57,12634.08,6631,495,0
1615219200,12635.25,12674.84,12507.7,12509.25,5528,473,0
1615222800,12511.06,12590.04,12484.58,12526.13,4981,443,0
1615226400,12526.73,12573.93,12419.89,12425.95,4514,434,0
1615230000,12424.05,12497.78,12397.71,12422.42,4832,445,0
1615233600,12421.63,12421.63,12312.72,12321.18,5208,466,0
1615244400,12380.46,12386.55,12363.37,12373.78,879,434,0
1615248000,12373.13,12388.34,12343.14,12368.08,2425,433,0
1615251600,12367.67,12410.39,12329.03,12343.62,3016,440,0
1615255200,12342.51,12443.96,12339.31,12436.03,3187,443,0
1615258800,12436.04,12458.8,12425.08,12452.63,2498,431,0
1615262400,12452.68,12463.93,12434.06,12458.35,1915,425,0
1615266000,12459.07,12476.84,12439.02,12442.46,2345,425,0
1615269600,12440.54,12455.78,12369.03,12388.38,2356,422,0
1615273200,12387.47,12489.45,12370.5,12488.68,2828,434,0
1615276800,12488.13,12525.26,12471.91,12517.54,3361,445,0
1615280400,12519.04,12579.41,12513.8,12562.38,2706,415,0
1615284000,12561.77,12575.03,12531.94,12562.08,2628,409,0
1615287600,12561.99,12613.28,12558.04,12598.17,2683,416,0
1615291200,12597.72,12597.72,12539.67,12543.89,2844,430,0
1615294800,12543.84,12605.92,12543.84,12597.15,2977,432,0
1615298400,12597.51,12716.89,12580.96,12705.32,4636,421,0
1615302000,12706.47,12769.26,12692.69,12706.76,5093,455,0
1615305600,12707.72,12762.29,12686.6,12749.2,4071,435,0
1615309200,12751.23,12798.56,12737.84,12776.49,3261,408,0
1615312800,12777.01,12860.34,12777.01,12856.56,3356,402,0
1615316400,12857.62,12859.68,12808.29,12837.96,3258,410,0
1615320000,12837.33,12869.49,12778.21,12790.18,3734,415,0
1615330800,12810.52,12829.32,12802.6,12812.3,838,424,0
1615334400,12811.83,12815.16,12775.45,12786.92,2315,421,0
1615338000,12787.88,12804.17,12743.96,12744.98,2542,436,0
1615341600,12745.25,12757.86,12727.92,12750.01,2388,426,0
1615345200,12750.12,12757.6,12742.44,12743.47,1730,425,0
1615348800,12744.29,12795.06,12726.93,12776.31,1858,415,0
1615352400,12776.21,12776.96,12723.4,12758.86,2389,418,0
1615356000,12757.88,12772.73,12725.45,12742.14,2023,433,0
1615359600,12739.93,12771.83,12729.72,12767.71,2200,434,0
1615363200,12766.99,12808.24,12751.48,12796.56,3043,426,0
1615366800,12796.74,12811.32,12764.56,12805.74,2520,428,0
1615370400,12806.09,12820.38,12765.42,12765.42,2148,423,0
1615374000,12765.6,12773.53,12706.7,12757.52,2577,423,0
1615377600,12756.55,12786.56,12748.3,12773.46,2592,432,0
1615381200,12774.65,12898.67,12729.86,12885.69,3827,443,0
1615384800,12885.15,12994.27,12870.91,12914.54,5524,438,0
1615388400,12915.93,12957.77,12756.75,12815.57,5925,475,0
1615392000,12816.58,12860.8,12771.62,12841.59,5086,461,0
1615395600,12841.07,12848.4,12746.11,12829.04,4410,457,0
1615399200,12830.16,12833.4,12723.08,12757.9,5539,474,0
1615402800,12756.91,12843.68,12739.01,12817.54,4114,453,0
1615406400,12818.29,12838.28,12756.46,12761.61,4072,450,0
1615417200,12783.18,12785.77,12768.4,12772.77,628,414,0
1615420800,12772.4,12781.91,12726.02,12736.51,1818,400,0
1615424400,12736.31,12810.92,12732.24,12807.07,2415,429,0
1615428000,12807.82,12843.63,12804.94,12828.71,2085,413,0
1615431600,12828.63,12849.71,12821.04,12836.9,1734,415,0
1615435200,12837.53,12852.47,12824.73,12841.74,1373,412,0
1615438800,12841.32,12857.22,12832.34,12843.01,1858,411,0
1615442400,12841.91,12894.07,12826.45,12893.75,1954,426,0
1615446000,12893.75,12937.42,12881.2,12932.12,2274,433,0
1615449600,12930.97,12974.93,12898.43,12972.99,2868,432,0
1615453200,12973.38,12999.91,12971.04,12983.77,2479,426,0
1615456800,12983.68,13014.67,12961.32,12999.27,2242,418,0
1615460400,12999.27,13006.01,12966.57,12974.19,2378,438,0
1615464000,12972.26,13013.67,12946.21,12993.89,2825,443,0
1615467600,12993.68,13011.27,12940.53,12961.86,3315,452,0
1615471200,12961.76,13007.2,12933.52,12966.44,4712,439,0
1615474800,12967.29,13029.14,12914.21,13025.93,4536,433,0
1615478400,13026.89,13088.35,13026.38,13070.13,3422,405,0
1615482000,13071.23,13096.62,13056.56,13075.97,3306,425,0
1615485600,13075.87,13120.64,13059.72,13075.97,3550,430,0
1615489200,13078.01,13094.17,13063.06,13065.14,3211,418,0
1615492800,13065.03,13089.67,13043.02,13046.92,3160,421,0
1615503600,13085.44,13089.37,13072.46,13074.11,665,412,0
1615507200,13074.48,13098.35,13072.73,13088.78,1667,412,0
1615510800,13088.65,13098.8,13070.81,13070.81,1933,417,0
1615514400,13071.51,13080.3,13000.85,13016.34,2169,404,0
1615518000,13017.23,13036.6,13003.34,13036.02,1727,415,0
1615521600,13036.15,13071.58,13036.03,13070.86,1262,411,0
1615525200,13070.97,13072.6,13006.3,13018.34,1892,418,0
1615528800,13019.13,13025.11,12960.89,12978.09,2091,424,0
1615532400,12978.18,12983.45,12890.38,12905.56,2824,457,0
1615536000,12905.16,12907.24,12830.7,12836.83,3240,460,0
1615539600,12833.08,12850.49,12809.51,12818.95,2591,436,0
1615543200,12818.6,12851.56,12789.96,12833.28,2429,421,0
1615546800,12833.36,12858.39,12814.88,12829.78,2582,441,0
1615550400,12830.15,12901.64,12830.15,12897.1,2470,414,0
1615554000,12897.06,12902.85,12844.65,12849.45,2783,417,0
1615557600,12850.03,12897.57,12802.66,12895.21,4453,422,0
1615561200,12896.02,12908.46,12773.6,12797.28,4789,462,0
1615564800,12796.35,12881.7,12772.85,12863.75,4003,410,0
1615568400,12864.72,12929.84,12846.81,12877.63,3356,407,0
1615572000,12877.1,12913.17,12858.66,12886.78,3234,406,0
1615575600,12887.71,12926.83,12873.89,12913.58,3174,426,0
1615579200,12914.27,12947.16,12882.2,12941.87,3246,408,0
1615759200,12953.3,12955.73,12928.87,12952.13,609,491,0
1615762800,12952.23,12980.13,12950.6,12964.62,1369,445,0
1615766400,12964.45,12981.29,12956.78,12978.53,1700,434,0
1615770000,12978.77,13012.57,12975.95,13005.35,2139,431,0
1615773600,13006.05,13010.58,12956.58,12962.84,1971,420,0
1615777200,12962.59,12968.91,12932.07,12949.32,1763,419,0
1615780800,12949.24,12961.84,12931.13,12956.82,1198,420,0
1615784400,12956.91,12962.21,12908.26,12911.92,2062,435,0
1615788000,12911.51,12932.38,12886.62,12917.91,1785,442,0
1615791600,12918.26,12921.39,12877.04,12900.69,1721,454,0
1615795200,12901.87,12969.78,12891.06,12965.19,2688,458,0
1615798800,12965.6,13000.89,12961.56,12988.87,1746,444,0
1615802400,12988.85,12992.4,12955.47,12974.96,1927,428,0
1615806000,12974.64,12986.37,12940.03,12941.22,2107,444,0
1615809600,12942.44,12944.17,12915.78,12934.04,2336,433,0
1615813200,12933.93,12986.46,12902.02,12966.36,4034,413,0
1615816800,12964.57,13000.15,12913.74,12979.45,4752,436,0
1615820400,12979.61,12992.48,12885.54,12936.18,3789,414,0
1615824000,12935.27,12973.56,12929.63,12964.45,3264,413,0
1615827600,12964.94,12989.64,12948.06,12985.47,2736,399,0
1615831200,12985.26,13035.71,12985.26,13033.74,2709,401,0
1615834800,13033.83,13080.33,13005.22,13078.51,2968,409,0
1615845600,13078.96,13082.94,13068.24,13074.11,473,441,0
1615849200,13074.49,13083.0,13065.66,13067.25,1074,446,0
1615852800,13067.22,13089.2,13060.58,13087.4,1601,424,0
1615856400,13087.42,13133.69,13083.5,13125.5,1983,406,0
1615860000,13125.97,13127.14,13096.58,13125.95,1799,408,0
1615863600,13126.45,13140.0,13120.09,13129.05,1533,412,0
1615867200,13129.05,13137.02,13119.27,13136.09,968,416,0
1615870800,13135.93,13144.7,13125.17,13143.29,1357,414,0
1615874400,13144.11,13166.87,13123.45,13163.46,1382,419,0
1615878000,13163.27,13179.81,13138.01,13143.94,1759,445,0
1615881600,13144.98,13145.02,13104.42,13119.75,2484,443,0
1615885200,13118.86,13138.15,13111.21,13136.89,1802,411,0
1615888800,13136.73,13149.21,13124.4,13148.64,1478,402,0
1615892400,13148.39,13160.85,13135.8,13155.87,1674,410,0
1615896000,13154.08,13170.85,13135.8,13151.77,1922,411,0
1615899600,13151.79,13243.73,13144.83,13239.18,3606,427,0
1615903200,13239.41,13301.91,13227.22,13288.44,3760,419,0
1615906800,13289.15,13298.11,13251.06,13256.95,3420,412,0
1615910400,13257.69,13268.61,13182.35,13223.37,3541,420,0
1615914000,13223.95,13254.3,13176.46,13195.66,3387,411,0
1615917600,13194.82,13210.19,13092.72,13138.96,4423,429,0
1615921200,13138.63,13201.8,13115.3,13160.94,3577,426,0
1615932000,13177.52,13188.4,13172.29,13182.58,414,452,0
1615935600,13181.03,13186.5,13161.9,13162.29,1160,447,0
1615939200,13162.5,13165.23,13114.49,13150.51,1918,425,0
1615942800,13151.25,13157.75,13121.73,13144.63,2046,416,0
1615946400,13145.12,13153.38,13130.41,13147.73,1839,421,0
1615950000,13147.53,13152.65,13127.49,13136.09,1521,414,0
1615953600,13135.84,13139.08,13126.55,13135.21,955,422,0
1615957200,13134.53,13153.11,13119.92,13149.2,1554,413,0
1615960800,13149.26,13155.93,13126.9,13136.53,1359,410,0
1615964400,13136.82,13146.23,13127.72,13133.66,1501,435,0
1615968000,13133.64,13147.12,13122.76,13138.69,2270,406,0
1615971600,13139.1,13141.68,13113.57,13115.49,1609,407,0
1615975200,13116.19,13131.93,13099.12,13103.08,1567,397,0
1615978800,13102.39,13105.29,12992.24,13006.26,2896,439,0
1615982400,13005.27,13025.15,12983.14,13016.04,2963,436,0
1615986000,13016.63,13057.26,12949.1,13049.46,4180,429,0
1615989600,13049.55,13087.12,13005.11,13025.57,4623,443,0
1615993200,13025.23,13037.02,12962.99,12985.02,4110,427,0
1615996800,12984.24,13034.64,12953.67,12977.28,3607,420,0
1616000400,12977.5,13029.6,12966.28,13008.24,3668,427,0
1616004000,13021.33,13250.95,13021.33,13250.11,6140,497,0
1616007600,13251.22,13285.35,13171.18,13196.71,4663,451,0
1616018400,13218.52,13218.55,13193.47,13203.44,599,447,0
1616022000,13204.04,13240.7,13199.99,13237.14,1281,419,0
1616025600,13237.26,13274.0,13235.93,13271.54,1888,418,0
1616029200,13271.58,13281.02,13247.73,13258.86,1980,408,0
1616032800,13258.56,13260.37,13234.68,13250.01,1618,416,0
1616036400,13250.28,13251.64,13182.55,13194.73,2168,411,0
1616040000,13194.73,13211.9,13181.52,13208.85,1504,412,0
1616043600,13208.59,13218.15,13190.96,13210.13,1719,416,0
1616047200,13210.58,13243.32,13206.92,13227.18,1628,414,0
1616050800,13227.08,13231.8,13051.98,13081.24,3114,455,0
1616054400,13081.1,13104.06,13021.79,13027.87,3291,433,0
1616058000,13028.46,13070.87,13017.98,13052.3,2774,441,0
1616061600,13051.86,13075.93,13039.27,13054.91,2439,441,0
1616065200,13056.05,13060.95,12965.91,12990.93,3162,445,0
1616068800,12988.72,13010.53,12970.15,12985.56,3232,439,0
1616072400,12985.63,13035.56,12948.03,13010.29,4505,449,0
1616076000,13009.33,13009.33,12930.52,12980.32,5170,458,0
1616079600,12981.35,13002.17,12943.39,12968.66,4089,434,0
1616083200,12967.64,13022.67,12911.14,12913.8,3632,423,0
1616086800,12914.54,12992.58,12912.45,12987.11,3481,418,0
1616090400,12987.99,12990.77,12837.49,12859.91,4366,431,0
1616094000,12858.97,12873.69,12776.84,12803.82,4941,448,0
1616104800,12813.22,12817.78,12796.33,12797.34,736,446,0
1616108400,12796.78,12808.77,12789.12,12797.76,1471,445,0
1616112000,12796.96,12830.99,12789.4,12823.41,1878,415,0
1616115600,12824.14,12833.61,12788.43,12829.07,2205,409,0
1616119200,12829.67,12829.67,12765.89,12782.42,2071,410,0
1616122800,12782.1,12829.36,12777.51,12787.35,2073,436,0
1616126400,12787.11,12814.85,12782.77,12810.29,1911,422,0
1616130000,12809.9,12820.38,12777.51,12789.95,2127,425,0
1616133600,12788.93,12831.92,12727.43,12817.09,2466,438,0
1616137200,12818.3,12878.65,12813.31,12873.3,2730,450,0
1616140800,12874.03,12911.81,12866.55,12892.12,3244,426,0
1616144400,12892.15,12904.92,12874.83,12880.45,2294,409,0
1616148000,12880.36,12883.3,12847.87,12874.01,2469,412,0
1616151600,12872.91,12877.94,12830.75,12861.75,2332,427,0
1616155200,12862.46,12890.27,12849.31,12856.74,2694,425,0
1616158800,12855.46,12855.46,12738.45,12789.53,6056,449,0
1616162400,12788.06,12857.61,12695.51,12847.96,5534,463,0
1616166000,12848.74,12873.94,12773.34,12858.33,4453,424,0
1616169600,12859.43,12898.25,12848.68,12892.93,3800,414,0
1616173200,12892.81,12904.87,12843.6,12882.78,3524,416,0
1616176800,12883.15,12894.08,12839.31,12891.36,3618,420,0
1616180400,12889.97,12894.69,12837.48,12863.22,3803,410,0
